UserID,Username,Email,DateOfBirth,CreatedAt
1,dschwaiger0,mocorr0@sun.com,2007-04-19,4:08:12
2,echave1,ahowson1@shareasale.com,1985-04-06,21:24:04
3,ngerrill2,jgauvin2@example.com,1999-05-31,11:16:45
4,pcogan3,cproswell3@forbes.com,1986-02-16,4:02:28
5,oepilet4,bjeffryes4@msu.edu,2005-09-23,21:12:58
6,mdepka5,selcom5@dagondesign.com,1995-04-16,1:22:30
7,csimonini6,jmcknish6@ask.com,1988-03-22,3:10:20
8,gben7,jraulstone7@sciencedirect.com,1982-08-25,2:22:28
9,shedman8,rvigurs8@cnbc.com,1996-05-02,0:19:36
10,fdelacote9,kmcgowing9@fc2.com,1989-12-18,22:00:31
11,hrizona,bgerrilla@latimes.com,1997-09-11,13:24:33
12,ttimpanyb,csawyersb@quantcast.com,2009-11-20,16:48:43
13,mdegiorgioc,jhofnerc@ted.com,2009-07-27,12:51:03
14,idustd,adoreed@paginegialle.it,2004-05-25,5:16:13
15,dsalazare,cgorhardte@nydailynews.com,1996-12-07,20:21:30
16,rbredgelandf,kduddenf@blog.com,2000-10-08,4:28:40
17,mhanshawg,lberendseng@psu.edu,1983-08-01,6:33:28
18,ehassellh,wdecheletteh@bloglines.com,2008-05-24,15:34:36
19,jspiri,ccarrolli@sakura.ne.jp,2000-09-22,3:08:25
20,jbladej,rwormaldj@bloglines.com,2005-06-26,3:21:55
21,khinschek,tfrohockk@macromedia.com,1985-01-13,16:44:02
22,dcromerl,idoogl@vimeo.com,1987-04-22,0:15:09
23,ffindonm,sdarem@example.com,1981-03-13,20:00:29
24,nungern,dstainbridgen@google.co.uk,1981-05-27,10:29:40
25,pocorro,bmoyneo@utexas.edu,1994-12-05,5:07:28
26,fburlinghamp,ggartrellp@epa.gov,1986-08-20,0:14:26
27,wbrunsdenq,jnorvalq@dion.ne.jp,1997-06-16,19:27:34
28,ebraundtr,bhehirr@freewebs.com,2006-06-28,15:01:33
29,bsigfrids,eaudritts@weather.com,1981-08-16,13:53:44
30,drevelyt,apenhallurickt@unblog.fr,2004-08-01,8:32:03
31,csizzeyu,trablinu@nydailynews.com,2006-12-15,13:36:42
32,edrippv,laldamv@seattletimes.com,1996-01-16,15:26:39
33,kgimbrettw,vobradainw@a8.net,2005-08-09,4:13:21
34,dborgnetx,cahearnex@mediafire.com,1994-02-11,14:17:15
35,kfeighneyy,rtantumy@businessinsider.com,2001-02-28,18:16:42
36,lbalsdonez,jsnowballz@mysql.com,1994-04-05,2:46:53
37,aboothman10,amckeevers10@constantcontact.com,1987-02-07,9:02:41
38,nisherwood11,frentoul11@networksolutions.com,1990-08-16,5:18:34
39,osloss12,kmalloy12@twitpic.com,2002-11-23,19:38:13
40,iroeby13,bcess13@state.tx.us,1985-04-16,0:13:56
41,jhamlyn14,nwale14@gmpg.org,2003-09-29,18:10:44
42,vgraeme15,eknibb15@imdb.com,2006-08-03,22:39:18
43,lwarhurst16,cvarty16@washington.edu,1982-12-09,12:42:57
44,avonwelldun17,dwinterburn17@slate.com,2009-01-28,0:13:11
45,sringsell18,vpley18@prlog.org,1997-01-09,8:58:37
46,wchatwood19,lbettington19@google.es,2000-02-04,19:57:46
47,cquestier1a,nboldero1a@hud.gov,2007-06-24,20:41:48
48,skrop1b,sbolzmann1b@yolasite.com,2001-04-10,8:08:49
49,kdelatour1c,hlax1c@disqus.com,1980-03-16,19:53:50
50,rblatcher1d,xsanzio1d@buzzfeed.com,1995-08-22,16:41:50
51,pharbottle1e,cdomino1e@altervista.org,1986-01-12,19:36:24
52,ghawtry1f,aluckhurst1f@tmall.com,1994-11-30,20:30:47
53,hrhoades1g,kmelmoth1g@jimdo.com,2002-05-12,5:22:30
54,mseivertsen1h,bmeier1h@g.co,1989-10-04,9:21:53
55,glingner1i,alanyon1i@sogou.com,1993-08-12,4:55:26
56,wchalcraft1j,nmoneypenny1j@amazon.co.jp,1986-08-01,1:46:06
57,rroyste1k,jdaish1k@123-reg.co.uk,2001-11-13,18:47:54
58,mvonderdell1l,elates1l@dailymotion.com,2004-02-13,22:19:28
59,mtrustie1m,cfould1m@webmd.com,1996-09-19,11:29:47
60,rbertram1n,thousbie1n@bloomberg.com,2000-02-09,13:04:36
61,sdecruz1o,iaskaw1o@jigsy.com,1980-09-09,6:49:55
62,mfrichley1p,hocarney1p@google.it,1998-05-04,15:28:46
63,ssimson1q,gmorsom1q@abc.net.au,1992-06-15,8:59:36
64,mscohier1r,bwilcinskis1r@opera.com,2001-05-25,14:32:50
65,mchennells1s,arothera1s@cdbaby.com,1998-08-25,19:42:30
66,erooze1t,abenazet1t@businesswire.com,1988-11-27,14:48:42
67,aboyton1u,jkewzick1u@tuttocitta.it,1981-03-06,16:17:45
68,jbrearty1v,alarret1v@plala.or.jp,1986-02-19,21:07:44
69,bschimank1w,bchrystal1w@nyu.edu,1982-07-11,10:06:01
70,nbrushneen1x,aanstead1x@cdc.gov,1998-10-04,21:38:31
71,tlemerie1y,lposnett1y@google.com.au,2009-06-23,18:04:04
72,tmangan1z,jaltimas1z@soundcloud.com,2009-04-22,1:21:18
73,nwhyler20,clardiner20@chicagotribune.com,1981-12-26,22:00:03
74,fseabright21,lcarryer21@paginegialle.it,2008-05-15,19:07:57
75,ctebbutt22,vserman22@si.edu,1984-03-16,23:33:11
76,jbarkshire23,iblatherwick23@sakura.ne.jp,1984-11-23,7:02:36
77,dnozzolinii24,cpounder24@yellowpages.com,2007-07-08,8:10:35
78,klennie25,bcolquitt25@yahoo.com,1995-06-13,3:02:24
79,ggarrood26,sstonuary26@goodreads.com,1984-05-01,9:35:03
80,ptweedy27,amandres27@theatlantic.com,2002-04-20,23:40:01
81,wprestwich28,gkleinplac28@oaic.gov.au,1996-05-25,8:01:15
82,pstandishbrooks29,eduffitt29@theguardian.com,1990-10-17,12:34:49
83,cferrulli2a,bmcglaughn2a@pagesperso-orange.fr,2001-12-23,16:23:04
84,bconws2b,jivasyushkin2b@statcounter.com,1994-11-13,7:37:44
85,hboord2c,kbuttrey2c@admin.ch,1982-08-12,15:27:41
86,gronchetti2d,dkindley2d@cmu.edu,1995-10-19,8:12:13
87,ogrombridge2e,dschneidau2e@mayoclinic.com,1983-01-20,4:52:00
88,ojacobovitz2f,cpaule2f@chronoengine.com,2004-05-15,11:37:54
89,fyeo2g,sernke2g@163.com,1987-02-26,0:23:53
90,mlubeck2h,kpoag2h@macromedia.com,1980-06-29,14:05:22
91,iloosley2i,apassler2i@paypal.com,2007-07-17,10:15:26
92,mnaisby2j,bkornel2j@imdb.com,1998-12-01,12:07:44
93,pswallwell2k,ltempleton2k@unc.edu,1993-01-31,22:47:44
94,kbisley2l,nminette2l@patch.com,1992-02-01,23:49:04
95,lsumnall2m,ldaltry2m@1688.com,2001-08-16,6:55:06
96,rmcgiffie2n,aben2n@wikimedia.org,1995-07-27,6:01:18
97,gmannix2o,obraden2o@amazonaws.com,1984-11-29,22:44:37
98,kgainfort2p,aplanks2p@paypal.com,2002-06-11,13:14:31
99,ldalinder2q,mweller2q@virginia.edu,1981-12-23,8:23:21
100,fsorsby2r,acubley2r@nyu.edu,1980-04-30,22:16:13
101,bkaufman2s,grichen2s@rediff.com,1984-11-27,9:09:13
102,djoselevitz2t,jconway2t@google.co.uk,1983-09-16,2:47:23
103,xsapauton2u,jcrumpton2u@dyndns.org,1984-01-22,23:19:26
104,odeath2v,eedgler2v@flickr.com,1996-06-18,11:07:36
105,cduker2w,clardge2w@go.com,2007-07-24,17:53:10
106,ctildesley2x,rfarlow2x@mac.com,1998-05-15,20:24:15
107,cmcilory2y,mwallach2y@unc.edu,1983-06-25,5:24:12
108,hmcgettrick2z,elayson2z@whitehouse.gov,2000-03-28,4:49:29
109,ijackett30,wroft30@harvard.edu,1990-01-29,14:29:50
110,bnettles31,rtimperley31@wikispaces.com,1998-04-11,12:11:27
111,jcapeling32,lphelan32@bloglovin.com,1989-11-10,7:26:56
112,athornber33,aaltofts33@sakura.ne.jp,1989-03-08,13:35:01
113,npitcaithly34,ejurczik34@xinhuanet.com,1993-02-15,18:03:55
114,rnewbegin35,dleport35@admin.ch,1989-09-10,8:03:19
115,agissing36,sdobkin36@studiopress.com,2000-09-24,11:52:31
116,cbruineman37,jlintin37@miitbeian.gov.cn,1987-05-30,5:08:36
117,emeert38,cmathet38@desdev.cn,2001-01-23,18:55:09
118,gwenban39,vgaynesford39@timesonline.co.uk,1982-09-01,2:01:19
119,jhamflett3a,dades3a@toplist.cz,2002-10-19,0:34:48
120,akirsop3b,rtellenbach3b@arstechnica.com,1980-10-18,3:39:16
121,jdooher3c,jeard3c@psu.edu,1998-06-22,3:09:35
122,lballintime3d,tyelland3d@trellian.com,1999-08-31,18:05:17
123,aoxenbury3e,tgitting3e@virginia.edu,1991-01-08,11:02:44
124,arooper3f,hcunio3f@bloomberg.com,1986-02-06,10:05:31
125,rsellen3g,aturpey3g@newsvine.com,1981-12-08,16:27:42
126,sovenden3h,sblakely3h@lycos.com,2005-11-01,19:53:03
127,abanyard3i,saked3i@yale.edu,1982-10-25,9:02:31
128,ineild3j,cbruty3j@mtv.com,2004-01-31,12:38:42
129,bhebson3k,hvenn3k@mashable.com,2004-08-08,17:03:17
130,mwedgwood3l,btorbeck3l@globo.com,1993-08-03,22:46:14
131,tlosebie3m,ddorran3m@google.co.uk,1996-10-31,21:05:34
132,bsaurin3n,tdacosta3n@flickr.com,1981-03-08,1:48:50
133,wsammes3o,hrymell3o@archive.org,1980-10-09,3:14:17
134,ctromans3p,omuncie3p@barnesandnoble.com,2001-06-29,4:32:21
135,nchampionnet3q,hcolgan3q@prnewswire.com,1999-03-09,0:22:05
136,cdecker3r,bmacallester3r@sfgate.com,1992-06-29,4:40:37
137,hbaszkiewicz3s,wschutte3s@gov.uk,1996-10-18,12:05:09
138,pvigers3t,vhadlington3t@eepurl.com,1983-09-17,5:24:28
139,ahuddy3u,elewsley3u@economist.com,1999-10-25,14:17:44
140,bespino3v,lcranson3v@simplemachines.org,1993-10-04,10:36:39
141,hcumo3w,ntinniswood3w@patch.com,1981-11-11,16:15:27
142,vpariss3x,dduval3x@answers.com,1994-06-06,12:03:46
143,myglesia3y,cwimpenny3y@google.ru,1986-08-29,9:24:34
144,fliffey3z,eembleton3z@indiegogo.com,2005-05-13,7:45:38
145,acrowcher40,sharbison40@nytimes.com,1986-12-30,17:34:46
146,cpedley41,jmckibbin41@ed.gov,1996-06-19,8:33:48
147,kferney42,pbenger42@hugedomains.com,1992-04-26,17:28:13
148,cbaldinotti43,khiggan43@ted.com,1995-04-14,17:11:31
149,dfenck44,ddignam44@alexa.com,1999-11-22,0:21:36
150,hswaffer45,nyablsley45@indiegogo.com,2008-05-22,14:36:30
151,ggueste46,wstovold46@arizona.edu,1988-08-31,12:32:41
152,sastill47,ncampsall47@drupal.org,2004-06-14,0:06:44
153,mcubuzzi48,mfranies48@mtv.com,2004-05-27,7:25:31
154,rbrumbie49,mmaclaine49@studiopress.com,1999-06-17,10:35:01
155,rhalbert4a,hsitlington4a@linkedin.com,1991-07-22,15:58:25
156,rchesterfield4b,vhawkeridge4b@mapquest.com,1982-06-28,3:16:38
157,pgarbert4c,lchazotte4c@admin.ch,1986-10-21,0:07:06
158,elestrange4d,gserotsky4d@comcast.net,1993-08-26,19:12:28
159,gantyukhin4e,klaborde4e@hexun.com,1987-09-20,22:30:14
160,wneem4f,estudman4f@chronoengine.com,2003-06-02,3:56:53
161,closbie4g,gburgane4g@fotki.com,1983-10-25,1:53:44
162,lblackney4h,fmatousek4h@gnu.org,2001-09-21,16:33:44
163,fmatelyunas4i,sbattson4i@sogou.com,1992-10-22,14:39:50
164,btrim4j,fgarstang4j@g.co,2009-08-02,12:08:22
165,wpattenden4k,cgrabb4k@ameblo.jp,2001-11-14,1:02:19
166,ateodori4l,cmcall4l@printfriendly.com,1983-10-06,17:43:22
167,avarah4m,omableson4m@un.org,2004-11-17,13:27:16
168,jbadham4n,jbucknill4n@mit.edu,2005-01-31,7:18:32
169,rverduin4o,davramov4o@walmart.com,1990-11-01,1:20:02
170,rbanthorpe4p,tethelstone4p@alexa.com,1982-10-24,14:58:09
171,bedmundson4q,gsharp4q@admin.ch,1982-10-30,12:03:06
172,mkhomishin4r,jclaeskens4r@noaa.gov,2004-10-23,2:41:26
173,fdelves4s,braysdale4s@theguardian.com,1998-11-21,7:23:29
174,sgatteridge4t,hhexam4t@netlog.com,1983-09-01,6:11:33
175,pwelldrake4u,shub4u@nba.com,1980-08-07,16:42:58
176,mdrinkale4v,sdehaven4v@vimeo.com,2003-08-12,11:13:28
177,rroycroft4w,kmuckle4w@tinypic.com,2002-04-22,7:52:01
178,cmcelvine4x,bruf4x@twitpic.com,1988-06-12,21:43:48
179,ctupp4y,dcollicott4y@pcworld.com,1994-07-24,19:14:02
180,ichevolleau4z,obucknill4z@cyberchimps.com,1980-08-06,14:28:10
181,tbonanno50,ogrinaugh50@scribd.com,1981-07-05,9:25:15
182,hbathowe51,kschwandermann51@yellowpages.com,2004-11-08,14:50:57
183,fpetlyura52,cmaudsley52@sfgate.com,1980-02-05,7:29:54
184,hkernock53,kbrindley53@shutterfly.com,2002-12-24,15:07:39
185,ucastellino54,pbeel54@oaic.gov.au,1981-12-19,18:43:18
186,aguare55,jstoak55@yale.edu,1997-02-05,0:34:22
187,wabramin56,hstyle56@sourceforge.net,1985-08-16,6:42:12
188,ccasazza57,tprendergrass57@newsvine.com,1997-03-29,16:09:24
189,blyosik58,sswindell58@reference.com,1985-04-08,1:05:06
190,kdimeo59,ekesby59@java.com,1995-09-08,7:36:46
191,lbenian5a,chellin5a@quantcast.com,1986-09-08,8:17:05
192,jstannett5b,ccalow5b@uiuc.edu,1990-05-31,11:36:27
193,dmeek5c,sbauduin5c@discovery.com,1986-03-26,12:05:13
194,hchaunce5d,abrudenell5d@rakuten.co.jp,2005-10-12,19:31:42
195,demeline5e,dpetracco5e@mapquest.com,1984-12-30,13:57:13
196,wbrisker5f,jneilson5f@icio.us,1986-05-16,16:35:48
197,bengel5g,kfyldes5g@phpbb.com,2006-03-30,21:55:33
198,kdrane5h,gdymoke5h@jimdo.com,2001-05-20,23:19:29
199,cstading5i,twiggin5i@jigsy.com,1993-10-07,5:59:37
200,ttybalt5j,vguyonneau5j@theglobeandmail.com,1993-12-06,22:18:14
201,cmeiklejohn5k,ipingstone5k@guardian.co.uk,1991-01-03,11:45:02
202,fparcall5l,dliepmann5l@dion.ne.jp,2006-02-23,18:13:37
203,tpinnere5m,bsheriff5m@altervista.org,2002-03-11,15:39:27
204,lquartermain5n,keby5n@pinterest.com,2005-01-31,9:24:45
205,ggamwell5o,imcneill5o@umn.edu,1982-10-19,10:59:49
206,afeatley5p,glangland5p@digg.com,1987-06-19,2:52:03
207,fkitchingham5q,vjervis5q@woothemes.com,2008-06-17,16:24:46
208,tprowse5r,dnewby5r@npr.org,2006-09-26,13:02:42
209,dsandars5s,eloughlin5s@opera.com,2003-08-23,22:20:00
210,cseligson5t,iemett5t@cbc.ca,2008-11-12,7:50:43
211,breddoch5u,amuzzi5u@cyberchimps.com,2008-12-31,14:18:20
212,warndt5v,lkivits5v@privacy.gov.au,1983-03-03,3:20:59
213,fcrang5w,tsims5w@zdnet.com,1985-01-31,8:04:50
214,nhuett5x,bzollner5x@redcross.org,1984-03-14,23:32:09
215,emilne5y,escuffham5y@stumbleupon.com,2008-01-05,10:22:04
216,rlanfer5z,lwatts5z@accuweather.com,1986-05-16,1:10:55
217,lbrownill60,pastell60@adobe.com,1993-04-30,22:52:44
218,kstrike61,plindsley61@google.es,2008-08-29,11:42:12
219,astickles62,kmaddern62@netscape.com,1989-08-12,5:04:27
220,ahargerie63,gkristufek63@discovery.com,2000-08-17,4:33:56
221,dlongwood64,cmilligan64@cbsnews.com,1990-11-20,20:29:32
222,vbroad65,fdrake65@cyberchimps.com,1983-07-18,12:43:16
223,qstollhofer66,bbrewin66@cornell.edu,1981-01-14,22:37:11
224,twoolmer67,ojagoe67@smh.com.au,1995-08-25,2:01:44
225,kwoodwind68,oghest68@cbc.ca,2003-11-13,18:43:37
226,kcrean69,mghidelli69@51.la,2006-07-23,5:46:56
227,bmcveighty6a,gdellcasa6a@dyndns.org,1994-05-14,6:53:32
228,mdawidsohn6b,rbeevor6b@opera.com,1984-11-02,17:56:07
229,mwinear6c,rcondell6c@google.com.au,1995-09-16,5:00:49
230,ludall6d,kchallis6d@lulu.com,1980-05-09,4:19:55
231,mlampet6e,thellmer6e@walmart.com,1997-02-18,23:56:16
232,eboucher6f,rgoodbanne6f@hp.com,1983-11-20,11:37:43
233,sleadstone6g,pscading6g@uiuc.edu,2000-07-06,19:09:18
234,cthoms6h,boseland6h@ycombinator.com,2004-04-24,11:30:43
235,lwoodyer6i,ftullett6i@irs.gov,2001-01-22,3:09:13
236,tlecount6j,nwerny6j@tumblr.com,1981-09-02,9:16:37
237,jinott6k,ddafforne6k@weather.com,1997-06-20,17:06:48
238,hdevonish6l,mcardow6l@gravatar.com,1988-07-07,21:06:20
239,pbrik6m,wcalendar6m@newsvine.com,1983-08-05,15:10:08
240,cmullinder6n,cculy6n@jugem.jp,2001-11-03,2:44:18
241,wcurman6o,dstearn6o@ifeng.com,1998-07-11,12:46:55
242,kredsell6p,sewan6p@nature.com,2001-09-20,17:17:48
243,dwakerley6q,mwarboys6q@wix.com,2002-05-06,14:46:17
244,etenbroek6r,harbuckle6r@fema.gov,1992-08-03,12:13:13
245,spiatto6s,hgloster6s@etsy.com,2004-11-04,11:42:23
246,gbuttrick6t,mamner6t@usatoday.com,2004-07-10,17:55:26
247,crowbotham6u,ududmarsh6u@upenn.edu,2000-01-20,23:26:34
248,omiddler6v,jlitzmann6v@drupal.org,1995-04-24,8:49:29
249,mreynold6w,mmishaw6w@prweb.com,2006-12-23,10:06:08
250,bbeldon6x,bros6x@de.vu,1992-03-28,0:25:56
251,acody6y,leul6y@mtv.com,1989-09-27,11:34:27
252,whamner6z,hnottingam6z@paypal.com,2007-06-18,9:21:01
253,rharber70,laxton70@over-blog.com,1987-01-10,21:52:26
254,aquarless71,rfinlay71@senate.gov,1993-09-05,18:19:06
255,ctuff72,aandrault72@canalblog.com,1983-05-22,13:34:43
256,bwitch73,egarard73@hatena.ne.jp,1990-07-26,4:33:56
257,fyo74,zromanini74@smh.com.au,2008-04-11,16:09:17
258,trisborough75,mtweedie75@google.ru,1984-09-28,22:28:40
259,jhinrichs76,amarunchak76@washington.edu,1987-11-16,4:57:04
260,obloore77,jkarczinski77@china.com.cn,1980-02-11,7:36:20
261,owickens78,aarter78@google.cn,1982-03-26,20:32:23
262,rrehor79,aarstingall79@mysql.com,1982-11-28,4:35:04
263,shanbridge7a,syeell7a@sciencedirect.com,2004-07-20,10:16:16
264,gsavary7b,baglione7b@npr.org,1986-04-26,1:22:30
265,ryoskowitz7c,mpeiser7c@delicious.com,1997-03-16,22:21:59
266,abernlin7d,lyerborn7d@google.com.hk,1983-12-03,7:13:10
267,awackley7e,cgarthshore7e@fda.gov,1982-09-21,13:01:25
268,ahaddeston7f,mologan7f@ucsd.edu,2002-08-04,15:32:20
269,jsimenon7g,stenny7g@creativecommons.org,2004-04-13,14:43:51
270,ctennant7h,jdomleo7h@deliciousdays.com,1986-09-29,15:14:52
271,lcassin7i,sbamblett7i@yandex.ru,1993-05-23,11:21:03
272,bkilner7j,sclewer7j@nymag.com,1994-09-07,7:32:08
273,tpickering7k,ctrott7k@opera.com,2005-10-03,5:38:38
274,goscanlan7l,battewell7l@csmonitor.com,1991-05-22,13:07:57
275,bgouly7m,lbrick7m@sfgate.com,1991-10-17,21:24:53
276,ihughill7n,morganer7n@google.es,1996-02-12,4:33:50
277,fseverwright7o,glegerwood7o@dot.gov,1998-01-26,11:24:50
278,tmabee7p,slincey7p@diigo.com,2009-03-23,1:48:47
279,rgommery7q,nwooller7q@seesaa.net,1982-01-01,5:10:28
280,htasseler7r,ofurlow7r@wufoo.com,1986-12-31,12:16:15
281,mflisher7s,qrude7s@storify.com,1996-11-07,7:55:01
282,vseymark7t,tspoure7t@istockphoto.com,1985-04-16,7:47:13
283,nfugere7u,hpennington7u@google.com,1980-04-12,8:43:38
284,abeevors7v,rcharleston7v@go.com,1999-03-23,21:43:19
285,dantyshev7w,cgirault7w@barnesandnoble.com,1999-12-02,20:20:41
286,akington7x,lwastie7x@list-manage.com,2002-01-16,16:31:06
287,rgotthardsf7y,kkeene7y@psu.edu,2001-04-03,9:33:06
288,ppenddreth7z,cgilardi7z@cocolog-nifty.com,1991-08-03,3:55:44
289,lboyen80,ijoy80@paginegialle.it,2002-07-22,18:35:51
290,sraddenbury81,ogiacomini81@clickbank.net,1999-10-07,15:04:54
291,kfidgett82,fvasilevich82@loc.gov,1980-06-12,15:48:19
292,mblampy83,cmaccarrick83@parallels.com,2001-04-09,7:36:45
293,ostebbins84,dprahl84@prlog.org,2009-08-13,22:36:50
294,zborel85,edunstone85@g.co,1992-04-29,4:35:19
295,akellington86,mburless86@seesaa.net,1990-08-09,6:26:21
296,sudale87,cwahlberg87@geocities.com,2000-11-23,1:31:18
297,ddrysdale88,bwalewicz88@europa.eu,2002-09-01,19:06:27
298,qfray89,gtrillo89@sphinn.com,2004-01-07,10:03:14
299,ahalloway8a,rvamplew8a@amazonaws.com,2008-10-02,17:49:24
300,dfinley8b,vhousen8b@free.fr,1994-05-03,12:05:42
301,ilind8c,sdornan8c@1und1.de,1993-03-31,15:04:52
302,idigman8d,hstraker8d@engadget.com,1989-04-27,20:34:15
303,eklammt8e,wabade8e@xing.com,2004-01-20,5:29:04
304,lvaughanhughes8f,svanderweedenburg8f@walmart.com,2006-04-29,20:59:44
305,moughton8g,csorsbie8g@bravesites.com,1983-05-28,3:33:54
306,mstrangwood8h,bshorey8h@cafepress.com,1991-11-10,10:16:59
307,kfilyaev8i,anovakovic8i@ed.gov,2008-08-24,2:26:11
308,pbeetham8j,arobben8j@issuu.com,1987-11-16,6:48:57
309,tpresdie8k,acastello8k@theatlantic.com,1988-11-06,10:43:27
310,cdyott8l,fminchi8l@nytimes.com,1984-08-21,9:51:01
311,jperutto8m,adrioli8m@usatoday.com,2006-12-06,16:00:13
312,mphython8n,jwitcombe8n@cocolog-nifty.com,1986-03-22,9:18:41
313,bburren8o,nmelby8o@buzzfeed.com,2008-04-27,17:42:30
314,amadgwich8p,kwelfare8p@weebly.com,1995-11-03,22:17:02
315,doutright8q,ssaterweyte8q@wp.com,1993-07-15,20:22:50
316,davrahamy8r,echugg8r@aboutads.info,1990-11-21,23:32:01
317,rschwanden8s,abrugden8s@opensource.org,1980-10-03,14:35:54
318,dzini8t,lnequest8t@sbwire.com,1983-01-19,15:03:10
319,tmichel8u,dcourtier8u@amazon.de,1981-01-21,6:52:26
320,aivanyutin8v,mvirgo8v@ezinearticles.com,2004-06-22,13:37:06
321,kmackissack8w,vhattersley8w@chronoengine.com,1998-02-17,19:19:54
322,tcaulliere8x,aching8x@delicious.com,1995-01-31,1:38:25
323,mdean8y,oscoble8y@jugem.jp,2007-09-02,8:51:37
324,fhowarth8z,hdeakins8z@naver.com,1988-09-01,10:24:03
325,nnickerson90,dyashaev90@auda.org.au,1989-09-08,22:30:42
326,dmatteucci91,bmclernon91@wsj.com,2008-08-30,15:44:55
327,hturmel92,hhoolaghan92@statcounter.com,1981-09-29,10:30:30
328,jslessor93,bclemoes93@addthis.com,2002-06-13,20:43:51
329,amylchreest94,usilkstone94@skyrock.com,1994-11-04,2:18:03
330,mbilton95,gposse95@4shared.com,2005-08-04,7:05:07
331,vgrelak96,ajerrams96@usgs.gov,1998-03-08,21:17:30
332,scoulston97,mmacdunleavy97@umn.edu,1989-05-16,3:11:28
333,chusk98,cfadden98@bizjournals.com,2005-06-22,20:20:54
334,mreuter99,sdanis99@booking.com,2000-07-10,2:36:16
335,pyeell9a,cfaraker9a@wunderground.com,1982-06-16,6:56:53
336,mcannop9b,pclapison9b@ox.ac.uk,1994-02-23,3:00:51
337,skubis9c,vsherratt9c@altervista.org,1996-01-14,14:15:13
338,lmerrick9d,jdondon9d@nature.com,2007-05-12,1:47:15
339,jvater9e,nhosten9e@yellowbook.com,1990-06-22,9:05:58
340,rsloam9f,fbrothers9f@dell.com,1995-10-28,5:18:26
341,ttreece9g,bjaray9g@nature.com,1990-05-17,17:58:55
342,ajoffe9h,aluckwell9h@hc360.com,1999-10-20,11:47:45
343,hpleass9i,djeremiah9i@reuters.com,1996-03-10,11:22:14
344,kstirland9j,gstanbridge9j@constantcontact.com,1982-03-09,12:48:31
345,cmckeeman9k,nfrango9k@shinystat.com,1983-07-21,18:51:01
346,apaske9l,aleader9l@sbwire.com,1982-10-13,8:22:08
347,tapplegarth9m,mdeble9m@wsj.com,2007-02-14,15:43:42
348,rstilgoe9n,vchampain9n@oaic.gov.au,1996-02-02,10:44:39
349,glantoph9o,hdolley9o@sogou.com,1989-07-10,16:38:10
350,ecaser9p,gdecleyne9p@a8.net,2001-11-23,11:24:03
351,hbeckham9q,csiderfin9q@goodreads.com,1993-08-09,15:10:59
352,critchie9r,qdougher9r@feedburner.com,1986-12-25,9:26:40
353,zdreini9s,lpounsett9s@mac.com,1988-11-06,11:30:15
354,hsharer9t,rmalkinson9t@timesonline.co.uk,1987-09-28,7:34:34
355,dbewly9u,btrotter9u@elegantthemes.com,1996-06-16,8:42:36
356,lscahill9v,mcopping9v@123-reg.co.uk,1995-10-05,2:05:58
357,uhaveline9w,cjakubovicz9w@desdev.cn,1999-12-11,16:16:12
358,aguiver9x,ffelderer9x@ucoz.com,2005-02-26,13:15:07
359,aallon9y,ostucke9y@drupal.org,2002-04-20,19:56:21
360,ppieroni9z,dridewood9z@weather.com,1982-03-24,3:31:34
361,efonea0,slinkea0@mac.com,2008-12-22,3:50:52
362,clittlecotea1,dshilladaya1@privacy.gov.au,1995-07-12,18:44:32
363,florama2,cgreenlanda2@qq.com,1993-06-28,5:03:37
364,oswitsura3,itollemachea3@miitbeian.gov.cn,1996-02-28,11:46:25
365,bodreaina4,gnurcombea4@bbb.org,1988-09-08,11:32:13
366,ccoursona5,hgaynea5@hp.com,1994-03-11,15:23:25
367,tmcraea6,chowlina6@nydailynews.com,1983-06-17,12:36:03
368,ttilliardsa7,ajouhninga7@npr.org,1988-05-01,3:26:28
369,hcleatherowa8,kanderbruggea8@va.gov,2007-12-07,7:28:00
370,bjanseya9,bkantora9@qq.com,1988-05-26,4:38:11
371,dpettefordaa,clevickaa@ovh.net,1993-08-19,23:33:53
372,slamblinab,wleytonab@paypal.com,1989-04-21,3:54:55
373,igoeffac,bfayneac@prlog.org,2000-04-17,6:44:52
374,bhalstedad,cpaviourad@ustream.tv,1985-07-06,19:31:17
375,rvandenhoffae,wgantae@t-online.de,1987-03-05,7:07:52
376,mdrinanaf,kfennellyaf@fastcompany.com,1983-08-09,19:38:20
377,chuntarag,athewlisag@boston.com,1997-04-17,9:58:27
378,tshiresah,garltah@bizjournals.com,2002-11-26,5:48:55
379,cduckai,tsidebottonai@fc2.com,1997-08-17,12:02:43
380,jamesaj,jbasilottaaj@dell.com,1988-06-09,13:29:19
381,rlewtonak,kmeddemmenak@pen.io,2005-12-07,9:42:41
382,mebbingsal,dturbefieldal@sciencedaily.com,1980-03-31,6:46:25
383,mheasleyam,kleitcham@virginia.edu,1992-08-19,14:13:45
384,ebatistellian,efawcettan@virginia.edu,1986-08-11,8:30:05
385,tfilipczynskiao,egallonao@ebay.com,2000-04-05,22:14:20
386,arandalsonap,ghearnshawap@apache.org,1990-06-19,2:35:40
387,tfarnallaq,jmeysaq@nbcnews.com,1998-10-21,21:40:19
388,hkantorar,lsaffillar@theguardian.com,1993-03-16,23:24:11
389,dgetchas,beakinas@reference.com,2000-02-22,2:23:35
390,vstodeat,ahargreaveat@tinyurl.com,2007-07-11,2:41:30
391,ysloleyau,jattewillau@jimdo.com,1999-07-27,4:23:19
392,rloveittav,cmeaseyav@princeton.edu,1983-05-23,13:01:33
393,bgiottiniaw,kflewaw@flickr.com,2004-02-17,18:15:21
394,mclewerax,arussiax@freewebs.com,2007-03-27,18:06:44
395,hstaintonskinnay,sgadeauxay@people.com.cn,1981-03-05,23:20:47
396,gspiraz,aaronsonaz@hostgator.com,1983-04-26,6:18:24
397,alateb0,mmarkwickb0@telegraph.co.uk,2008-01-07,5:11:59
398,rflorezb1,sgrimmertb1@sciencedirect.com,1984-11-21,19:52:11
399,rblankleyb2,aellumb2@seesaa.net,1999-12-06,21:00:06
400,wglowackib3,adebillb3@ca.gov,1997-06-28,2:27:05
401,tbilleb4,otonsleyb4@mozilla.com,1982-04-01,0:20:29
402,greddishb5,dpowlettb5@4shared.com,1980-01-16,14:12:34
403,gcleynaertb6,gpillerb6@spotify.com,1997-08-19,21:43:34
404,bhulkeb7,pdunsmuirb7@macromedia.com,2003-03-19,0:51:20
405,drowswellb8,rbrawnb8@cam.ac.uk,1995-09-26,12:01:42
406,lphinnessyb9,rrawnsleyb9@networksolutions.com,2004-10-28,13:02:13
407,hmalbyba,rvaterba@cornell.edu,1983-02-16,13:18:33
408,rsulmanbb,hbilstonbb@engadget.com,1995-01-28,2:20:49
409,cipgravebc,kcowsbybc@quantcast.com,2000-11-04,1:38:08
410,jduthybd,scicchitellobd@eepurl.com,2000-07-02,14:11:09
411,tpetrusbe,lbuckmasterbe@jigsy.com,1982-04-21,20:25:28
412,gloudyanbf,lpimblottebf@businesswire.com,1981-12-21,19:54:30
413,ctaylderbg,abartoszekbg@utexas.edu,1986-01-18,2:58:50
414,hvanbaarenbh,rcrispinbh@surveymonkey.com,2003-05-17,18:42:49
415,tfromentbi,llanglaisbi@loc.gov,1998-11-13,11:29:03
416,jdaniellobj,ydightbj@un.org,1992-07-08,22:28:14
417,efrancombk,umarsbk@ezinearticles.com,1984-05-17,14:11:06
418,fricciobl,preburnbl@cafepress.com,1985-05-08,20:57:35
419,rglovesbm,avyebm@answers.com,2002-04-09,12:56:37
420,mgruczkabn,csaysebn@bravesites.com,1985-12-19,3:30:24
421,kguymerbo,jjarradbo@wikia.com,2004-03-21,1:09:48
422,tbenediktovichbp,apoulterbp@nyu.edu,1995-03-31,4:54:05
423,dkondratenkobq,ljosilowskibq@ning.com,2000-11-03,6:18:10
424,skubesbr,alongeabr@time.com,1981-12-05,22:05:28
425,ybatropbs,hwiperbs@google.com,1998-02-28,13:01:49
426,dwetherellbt,whammersleybt@mapquest.com,2009-09-02,9:15:50
427,lbeardsdalebu,jwillicottbu@goo.ne.jp,1987-02-11,23:04:11
428,llambartonbv,eferrandbv@twitter.com,1999-02-02,10:53:44
429,llepperbw,istubbertbw@nytimes.com,1991-01-23,20:06:44
430,prablinbx,zhouseagobx@phpbb.com,1992-11-18,4:59:42
431,vcoopmanby,sharkenby@dmoz.org,2003-01-09,5:14:55
432,atraversbz,klynasbz@howstuffworks.com,2007-02-23,12:57:57
433,mstrittonc0,cstrongc0@time.com,2003-01-15,9:05:25
434,zhumanc1,rmellc1@slashdot.org,1998-08-31,11:04:14
435,meyesc2,johegertiec2@smugmug.com,1981-01-20,19:07:38
436,lshannonc3,offordec3@cocolog-nifty.com,1983-10-05,23:35:30
437,mlongbothomc4,hchineryc4@economist.com,1981-06-22,0:14:58
438,mdillestonec5,vstanlickc5@umich.edu,1995-06-27,18:26:49
439,riddinsc6,tpiesoldc6@aol.com,1981-01-02,14:10:26
440,ssaulterc7,cleadstonec7@soundcloud.com,1995-09-09,6:13:30
441,elaterzac8,pmiddlehurstc8@devhub.com,1995-04-07,1:04:30
442,dwimletc9,zavrasinc9@theguardian.com,1998-03-19,8:36:17
443,khelversenca,mkarpfca@cafepress.com,1980-12-18,0:32:56
444,ddwirecb,ssummertoncb@go.com,1999-07-09,4:35:41
445,cfinniscc,aholburycc@rakuten.co.jp,2006-10-13,19:56:49
446,jbillingecd,kbraxtoncd@ehow.com,1993-06-08,16:42:34
447,gdupreece,hpestridgece@alexa.com,1985-11-07,2:03:24
448,cmauchlencf,pdevignecf@sun.com,1991-01-28,11:47:42
449,druthvencg,tswensoncg@wikimedia.org,2001-04-14,11:04:48
450,kboxhallch,cduddingch@whitehouse.gov,1982-10-22,2:16:26
451,cklimschakci,anunnsci@bizjournals.com,1986-04-24,13:50:05
452,pbrosinicj,taimablecj@vimeo.com,1995-11-27,4:31:42
453,tladsonck,dforrestallck@npr.org,2005-05-16,23:55:43
454,ulenardcl,bgiovanninicl@seesaa.net,1989-06-21,15:44:53
455,fhardwarecm,aredingtoncm@skyrock.com,1989-10-09,17:01:03
456,cmullincn,sreedecn@mail.ru,2009-06-28,17:06:42
457,pbrookzco,keliesco@house.gov,1992-08-09,20:02:43
458,aponnsettcp,dmiltoncp@nyu.edu,1997-12-16,14:07:07
459,bhobgencq,gmilescq@wunderground.com,1999-02-12,15:27:32
460,nglasspoolecr,jsteffancr@dion.ne.jp,2000-04-02,23:43:13
461,kpheazeycs,prudgecs@prnewswire.com,1994-01-11,11:18:36
462,bharbarct,cdomengect@google.cn,1998-10-16,23:31:47
463,sgroundwatercu,msoldnercu@yahoo.co.jp,1997-10-13,21:47:44
464,sgummerycv,traspincv@ftc.gov,2009-02-21,9:52:22
465,gmcilvennycw,gloweycw@exblog.jp,2003-12-30,17:30:48
466,talflattcx,saronovitzcx@flavors.me,1995-10-18,19:41:19
467,ajoblingcy,ngooderidgecy@google.fr,2009-10-03,22:26:12
468,olibricz,kparisocz@technorati.com,1983-11-17,21:30:11
469,cbrandinod0,pphilipeauxd0@indiatimes.com,1988-10-19,16:12:22
470,pmckerrowd1,jdelld1@constantcontact.com,1989-08-17,21:02:50
471,aslyd2,odransfieldd2@walmart.com,2009-08-29,18:18:05
472,ltippettd3,kphinnd3@aboutads.info,2002-10-17,4:33:36
473,tbeswetherickd4,tarmind4@amazonaws.com,2006-06-05,11:13:09
474,gagerskowd5,cthrelkeldd5@redcross.org,2003-04-19,17:40:47
475,dretterd6,fvaind6@amazon.co.uk,1987-07-12,2:52:48
476,aluttgertd7,bpagnind7@1und1.de,1991-12-13,4:56:35
477,washfulld8,dtriponyd8@vimeo.com,2002-09-27,0:19:33
478,kgrindrodd9,ajantzend9@e-recht24.de,1985-04-20,9:46:38
479,rwithefordda,lmcilwraithda@lycos.com,2001-04-20,5:22:59
480,csavidgedb,mdogetdb@wp.com,1985-07-31,11:43:56
481,ccobbdc,oeykelhofdc@chronoengine.com,1998-07-17,7:23:09
482,wohmsdd,lrubinshteindd@ted.com,2002-05-28,1:31:26
483,vgaydonde,kmakeswellde@github.com,1981-03-12,3:55:08
484,kthornleydf,zfermerdf@shutterfly.com,1990-05-25,13:33:18
485,spilfolddg,cdillwaydg@barnesandnoble.com,1983-05-02,18:07:51
486,ldelaguadh,rnutteydh@edublogs.org,1995-07-28,15:09:53
487,pbaudouindi,mkernoghandi@creativecommons.org,2006-04-15,3:20:14
488,pingdj,apietruszkadj@usa.gov,1991-07-18,18:22:16
489,mquiddingtondk,fpedrondk@salon.com,2007-10-18,15:47:13
490,cpickrelldl,htiremandl@thetimes.co.uk,1990-10-07,20:51:39
491,mtrattlesdm,roolahandm@behance.net,2008-01-21,6:07:42
492,mgoldbydn,bblaslidn@deliciousdays.com,2003-10-06,3:44:59
493,mligerdo,rcrowsondo@amazon.co.jp,1999-06-16,14:15:44
494,mludlammedp,nboggisdp@thetimes.co.uk,1987-07-17,12:09:51
495,rwickersondq,calderwickdq@engadget.com,1988-01-28,1:51:37
496,gkittredgedr,afilesdr@chicagotribune.com,2006-08-03,10:19:13
497,iglasscoeds,mmorgansds@theguardian.com,1981-12-07,9:37:32
498,jpimmdt,twolfitdt@topsy.com,2001-02-01,0:04:25
499,rbreydindu,ksnowsilldu@diigo.com,1982-11-01,5:58:07
500,kpredohldv,nsarchwelldv@nymag.com,1985-12-18,3:26:21
501,kguideradw,lyansonsdw@goodreads.com,1996-12-13,5:18:08
502,dpuntdx,cmccloughlindx@salon.com,2003-07-02,15:59:34
503,ngoutcherdy,vmicklewiczdy@businesswire.com,2002-09-27,1:13:14
504,kkidbydz,stippertondz@pen.io,1996-07-31,8:08:00
505,mscraftone0,spetrelloe0@is.gd,1989-06-12,1:21:41
506,jwitlinge1,ksamette1@joomla.org,1998-04-17,16:31:23
507,gblundine2,rgadde2@vk.com,1995-05-24,23:15:16
508,gkendale3,eendleye3@ovh.net,1981-06-17,0:42:20
509,gzettlere4,fburdee4@seesaa.net,1991-07-19,16:00:40
510,hgratione5,lgoodsale5@examiner.com,1990-09-17,7:14:23
511,aivaine6,obellaye6@vistaprint.com,1983-02-02,14:11:42
512,mshattocke7,ashallcrosse7@facebook.com,2004-01-26,2:41:36
513,nneliuse8,cminchintone8@buzzfeed.com,1990-09-03,18:53:06
514,effrenchbeytaghe9,cmathee9@skyrock.com,2001-07-17,20:06:03
515,tbardayea,mlondingea@ycombinator.com,1983-01-21,4:51:51
516,medieeb,klipmaneb@blinklist.com,2009-01-23,4:55:58
517,hgilphillanec,jpembertonec@blogger.com,1987-05-11,14:24:29
518,cushered,ikynseyed@w3.org,1987-05-04,20:03:09
519,sharborowee,pmassenee@mapy.cz,1994-12-28,20:53:04
520,dcrowdsonef,pcreffeildef@issuu.com,1991-12-22,4:48:23
521,adaymenteg,gbeernteg@dion.ne.jp,2005-09-20,16:37:53
522,cbelfrageeh,lemsoneh@moonfruit.com,1982-03-13,21:48:45
523,njicklesei,acorderoyei@npr.org,2001-01-29,23:22:01
524,dgoodrickej,kshuttlewoodej@chronoengine.com,1999-06-03,16:03:28
525,speapleek,jlaythamek@samsung.com,2003-08-30,5:51:04
526,rredanel,fbilbrookel@webeden.co.uk,1986-10-14,10:06:36
527,rpindarem,dthirlwellem@booking.com,2006-02-12,13:07:41
528,ngooderhamen,ereymersen@freewebs.com,1988-02-26,13:51:50
529,jhruseo,sblagdoneo@tinypic.com,2007-08-11,22:23:12
530,sbuckthorpep,jschankelep@mit.edu,1991-02-13,18:35:04
531,jsearleseq,kwarrickereq@biglobe.ne.jp,1984-11-23,10:05:10
532,fwhittenburyer,epaolilloer@google.pl,2006-08-11,2:57:44
533,pcunahes,mabbotses@hc360.com,2006-02-23,14:28:28
534,lnoriegaet,mgarrattet@aboutads.info,2005-12-08,15:06:22
535,mchristofeeu,lpeschkaeu@washington.edu,1983-12-12,13:33:06
536,rscarrottev,pjulianoev@tumblr.com,1992-08-13,20:20:11
537,gdyersonew,hfentonew@ox.ac.uk,1991-06-03,6:39:07
538,hgildingex,gakessex@stanford.edu,2009-12-17,12:25:42
539,bixorey,tabramoviczey@xinhuanet.com,2006-08-23,5:54:20
540,aglossupez,mschlagtmansez@paypal.com,2004-12-21,20:19:05
541,hpenkef0,aderobertf0@networkadvertising.org,2007-11-08,8:58:57
542,hgabbitasf1,dgametf1@accuweather.com,2005-12-19,18:37:23
543,moutramf2,scawsonf2@yahoo.co.jp,2001-06-09,1:52:18
544,tvedyaevf3,bscopesf3@booking.com,1989-06-15,22:15:16
545,sbaldenf4,iellsf4@arstechnica.com,1980-06-10,14:18:34
546,jvardenf5,rwicklingf5@google.pl,2000-03-30,20:28:16
547,caldermanf6,gbudgenf6@fema.gov,1996-04-01,19:47:25
548,mwheaterf7,ekimblingf7@about.com,1992-01-31,23:49:57
549,aseedsf8,cblaydonf8@goo.ne.jp,1989-08-15,7:30:11
550,mbluef9,nswyerf9@google.fr,1993-11-20,3:39:11
551,pfeyerfa,nmattholiefa@constantcontact.com,1999-01-05,15:57:26
552,cedgcumbefb,rhamberstonfb@a8.net,1998-11-10,5:51:15
553,tmckinnfc,cstatefieldfc@de.vu,1989-12-28,23:37:53
554,eandrivelfd,jtimewellfd@furl.net,2003-06-18,20:33:11
555,npietersmafe,dhasemanfe@china.com.cn,1991-03-15,14:02:16
556,gkarpovff,lwalstowff@w3.org,1981-07-06,18:53:05
557,rgabbitusfg,lfaircliffefg@cafepress.com,2008-12-20,16:42:32
558,chadlandfh,bdinjesfh@cam.ac.uk,1987-11-21,12:28:16
559,biacominifi,tputtnamfi@walmart.com,1987-06-30,15:23:08
560,pdransfieldfj,dwincklesfj@opensource.org,2009-05-03,22:47:14
561,lmaccourtfk,bholberryfk@si.edu,1987-06-18,1:33:56
562,lcranefl,agrahamefl@google.co.jp,1982-09-17,1:45:28
563,tjervoisefm,dvazquezfm@dell.com,1981-07-09,22:06:24
564,crushfordfn,kmephanfn@scribd.com,1982-01-18,17:22:06
565,ttominifo,modeoranfo@google.nl,1998-07-12,4:30:32
566,glillistonefp,celmerfp@sina.com.cn,1986-10-17,12:18:37
567,lfranscionifq,tlicciardellofq@economist.com,1990-12-12,16:50:22
568,fjancikfr,tlaufr@wisc.edu,1994-05-13,6:56:58
569,ehaslockfs,colleyfs@google.com.br,1996-12-16,21:02:10
570,jtrightonft,cgoldneyft@angelfire.com,1989-09-28,20:02:01
571,adelgardillofu,fmustoofu@businessinsider.com,1985-07-24,6:50:29
572,egarfirthfv,msothcottfv@chron.com,1998-09-30,11:44:06
573,ddawidowiczfw,ococklefw@discovery.com,1999-01-30,4:27:27
574,stabnerfx,hjanfx@wikia.com,1991-01-10,10:20:38
575,fwalczynskify,tsteuhlmeyerfy@businessweek.com,1987-08-19,13:51:25
576,cdanielsohnfz,rologhlenfz@mediafire.com,2000-01-02,13:54:30
577,sspratlingg0,ialaboneg0@spiegel.de,1993-03-14,11:13:58
578,afabbrog1,ekrookg1@comcast.net,1988-08-27,10:44:47
579,clillfordg2,jsoutherillg2@usda.gov,1994-07-22,13:37:35
580,milyuchyovg3,zparhamg3@guardian.co.uk,2001-08-04,23:03:14
581,bhamblingtong4,lcolbertg4@rakuten.co.jp,1995-10-21,5:20:51
582,scoleyg5,aphillpotg5@cam.ac.uk,1984-11-13,22:20:06
583,jraglessg6,fisaqg6@purevolume.com,1997-12-08,13:17:15
584,pbodycombeg7,congeg7@flickr.com,2004-02-10,1:18:12
585,eputleyg8,ujobkeg8@edublogs.org,1986-04-10,7:48:43
586,tescotg9,paugieg9@shop-pro.jp,1986-02-10,22:31:19
587,tmacgaughiega,aphateplacega@springer.com,2001-04-11,11:39:43
588,lalabonegb,wlindellgb@cisco.com,1982-07-21,7:37:19
589,kmeddowsgc,lskelchergc@jalbum.net,1981-02-11,9:22:10
590,lferriesgd,apretogd@wsj.com,2009-11-01,4:14:56
591,hplumege,qbrocklebankge@stanford.edu,1985-02-07,21:34:48
592,mwytchardgf,jvokesgf@miitbeian.gov.cn,2008-01-03,5:31:17
593,ithickensgg,bdurgangg@usgs.gov,2000-06-23,20:19:39
594,eenokssongh,qjouannygh@creativecommons.org,1990-03-21,2:39:48
595,kwildmangi,chearnsgi@geocities.com,1990-06-03,12:56:31
596,jpulfordgj,karrighettigj@google.it,2004-12-29,9:35:21
597,ililegk,kmielnikgk@acquirethisname.com,1992-04-23,6:05:32
598,ayouniegl,hmicheletgl@altervista.org,1995-05-19,22:23:08
599,rdeangelisgm,cmanselgm@loc.gov,1989-11-16,9:13:02
600,mmastersgn,hgainsefordgn@cbsnews.com,1997-09-08,21:44:46
601,wbraidgo,rmcgraylego@smugmug.com,1988-05-27,12:58:33
602,tbrothersgp,bkingettgp@vkontakte.ru,1980-11-28,11:23:52
603,kcrocigq,jsaffergq@themeforest.net,2002-10-04,17:42:22
604,robriangr,mvanderplasgr@admin.ch,2008-06-14,14:41:54
605,cigounetgs,lomohungs@cpanel.net,2005-11-09,19:11:19
606,cmcgaraghangt,jburgingt@slate.com,1984-05-22,9:28:24
607,dpitmangu,vchalkgu@nyu.edu,1997-08-19,9:52:39
608,ociubutarogv,ubrongergv@mac.com,2004-03-01,5:35:23
609,hmaltmangw,sgrundlegw@cornell.edu,1986-10-23,3:33:34
610,khorninggx,pmacmechangx@webeden.co.uk,1992-03-14,7:12:40
611,tdringgy,mastupenasgy@fc2.com,1993-01-07,0:44:10
612,iharpergz,rdemanuelegz@dell.com,1997-11-12,1:51:19
613,ljanicijevich0,cyatesh0@theatlantic.com,2003-03-09,23:13:14
614,doldhamh1,npetyaninh1@princeton.edu,1993-04-18,4:21:55
615,tdunbobbinh2,lcoateh2@google.ru,1983-07-10,8:56:06
616,dbrayfieldh3,ccushellyh3@newsvine.com,1994-05-23,1:07:29
617,gcopinh4,hrunnetth4@comcast.net,1990-03-17,23:53:03
618,lloftinh5,bespinosah5@google.co.uk,1997-10-17,8:03:24
619,lgoliglyh6,cbuftonh6@joomla.org,1989-02-16,3:33:00
620,jmclavertyh7,lspringthorpeh7@unesco.org,2005-01-22,11:05:48
621,epartridgeh8,sdeverallh8@businesswire.com,2007-05-31,17:40:43
622,ovangeffenh9,ablezardh9@networksolutions.com,1982-12-01,2:33:53
623,ocliffeha,affrenchha@apache.org,2008-02-07,6:07:27
624,clennardhb,easkiehb@artisteer.com,1992-12-05,15:18:55
625,tlippatthc,ifronkshc@nps.gov,1985-03-04,22:59:37
626,ieakinhd,lgoodbannehd@smugmug.com,2000-10-29,10:07:11
627,browbreyhe,fgapperhe@indiegogo.com,2007-06-29,16:08:30
628,cyokleyhf,mtornhf@infoseek.co.jp,1999-12-09,13:22:27
629,smanuaudhg,studdenhamhg@nsw.gov.au,1993-02-09,6:56:34
630,eeneferhh,tfausthh@infoseek.co.jp,1984-07-10,3:59:34
631,ktantehi,gpaulshi@studiopress.com,1997-03-19,1:09:42
632,ystollehj,strevarthenhj@economist.com,1992-09-13,0:53:28
633,bchunghk,pprotherohk@icq.com,1990-03-22,5:30:21
634,jgladtbachhl,bcroxleyhl@cornell.edu,1980-09-29,22:57:01
635,ttretthm,rflindallhm@indiegogo.com,1990-04-10,20:01:31
636,clegricehn,meirwinhn@nature.com,1990-07-20,19:01:42
637,cjendrysho,lvernazzaho@tinypic.com,1999-07-14,14:36:10
638,grosenblatthp,flagaduhp@comcast.net,1996-02-17,22:32:16
639,hbarrushq,bkarlolakhq@nps.gov,1998-12-22,8:23:18
640,tgrishakovhr,rstearthr@techcrunch.com,2005-09-16,20:52:33
641,mstephensonhs,rpurcellhs@blogger.com,1983-05-21,2:08:51
642,lsainteauht,sseagoht@networksolutions.com,1988-11-29,5:33:31
643,mmothersdalehu,rmckennanhu@illinois.edu,1987-08-10,13:59:07
644,shamsherhv,abraundthv@exblog.jp,2000-11-17,15:44:36
645,ckemmetthw,rhelstriphw@yale.edu,1994-02-02,4:29:44
646,wgaskarthhx,fmcgeachiehx@toplist.cz,1980-08-22,6:40:08
647,bzamudiohy,pgrisleyhy@ask.com,2008-12-28,13:18:51
648,ckinnenhz,dfeldmushz@nature.com,2000-12-26,11:53:13
649,msibbaldi0,nannesleyi0@archive.org,1986-11-26,2:14:04
650,dmacilhargyi1,gmonahani1@wufoo.com,1982-11-12,20:21:10
651,zbeddoni2,xbitchenoi2@cbslocal.com,1994-11-21,20:31:23
652,agoodyeari3,agresseri3@imageshack.us,1984-12-22,9:20:25
653,ccaulieri4,hdrisselli4@list-manage.com,1993-02-24,8:02:58
654,etiddi5,ssomerledi5@php.net,1994-12-14,19:23:53
655,leveriti6,inutbeemi6@sina.com.cn,2000-01-26,3:20:02
656,lbiaggii7,lfenni7@ehow.com,2000-02-12,12:18:24
657,elovatti8,jhalegarthi8@goo.gl,1993-06-22,1:19:28
658,shaffardi9,cpieterseni9@wikipedia.org,1982-12-15,7:48:48
659,skinghamia,ajovanovicia@si.edu,1986-12-02,16:22:51
660,bwhittenburyib,sstillertib@simplemachines.org,1983-09-05,7:58:42
661,mdorianic,tbifordic@alibaba.com,1981-01-21,16:18:05
662,rstennetid,aallberryid@google.co.jp,1991-11-20,11:35:32
663,skilliamie,lgothardie@blogger.com,2008-05-30,5:22:12
664,tdunridgeif,mdulingif@cnbc.com,2006-02-21,20:34:19
665,afernezig,jsayig@netlog.com,1982-05-08,3:50:45
666,rcootsih,igerreltih@freewebs.com,1996-07-17,19:41:54
667,cwarkeii,ltrittenii@amazon.co.jp,1990-07-11,13:57:46
668,jdawdryij,hkarlowiczij@artisteer.com,1992-01-06,22:57:00
669,cspaxmanik,flysonsik@goodreads.com,1992-05-02,0:12:06
670,cfowleyil,abaalil@umich.edu,2000-10-12,5:03:21
671,mblacksterim,rcrudgingtonim@issuu.com,1987-04-02,6:58:09
672,vvideanin,jpeidroin@spotify.com,2008-06-19,19:37:53
673,sedwardsonio,fbruffellio@mozilla.org,1995-09-28,21:41:10
674,cjarrettip,tdewerkip@yandex.ru,1984-05-06,10:28:12
675,gurlingiq,hfeldmusiq@free.fr,1995-06-22,13:10:15
676,gdupreeir,jimisonir@moonfruit.com,2001-07-03,3:46:26
677,egaythorpeis,wjedrasis@eventbrite.com,1983-01-12,15:49:15
678,aboakeit,mjakoviljevicit@tinypic.com,2009-10-03,8:34:03
679,cwychardiu,owallasiu@cnbc.com,2009-07-27,19:50:56
680,lcroadiv,bgallamoreiv@youtube.com,2004-02-07,18:37:41
681,froddeniw,pmangeneyiw@netlog.com,1983-09-02,22:04:12
682,cdoyleyix,lmenhamix@forbes.com,1988-05-23,18:12:33
683,gheediy,gbanneriy@unblog.fr,1982-02-13,21:02:00
684,wmeighiz,eucceliiz@yellowbook.com,1988-07-01,20:28:54
685,chumbeyj0,asummerhayesj0@jugem.jp,1989-07-18,1:00:30
686,ntranmerj1,nwinthropj1@networkadvertising.org,2005-07-24,10:49:59
687,bmccritichiej2,aflackej2@nydailynews.com,1991-09-27,6:08:16
688,amcsheaj3,mdeamj3@cyberchimps.com,1988-12-22,7:54:47
689,clamersj4,icarreyettej4@dailymail.co.uk,1993-06-30,9:59:16
690,svenablesj5,ghawkesj5@infoseek.co.jp,1986-06-25,15:36:32
691,mbedowj6,awarykj6@imgur.com,1999-05-14,10:53:57
692,dmcardellj7,alackeyj7@w3.org,1983-01-05,3:04:36
693,cninnisj8,krabidgej8@forbes.com,2004-09-16,13:14:15
694,bdemangeotj9,mmcgahyj9@list-manage.com,1990-04-16,2:24:13
695,blassellja,abertieja@yellowpages.com,2000-05-12,7:32:00
696,tackwoodjb,mcullinanejb@yale.edu,2007-06-06,16:07:53
697,jrouzetjc,hvautrejc@wunderground.com,1988-11-28,17:34:40
698,adickonjd,faccombjd@php.net,1998-10-21,3:28:57
699,mcellerje,cjoyceje@instagram.com,1989-06-02,4:05:05
700,rgothrupjf,rmcanejf@toplist.cz,1999-05-15,16:34:22
701,swyejg,cwhithalghjg@tumblr.com,2007-12-14,8:34:58
702,gnardijh,lallrightjh@thetimes.co.uk,2006-08-29,17:13:59
703,mkornilyevji,amcgraithji@chron.com,2009-12-23,2:05:31
704,dkeelerjj,jlenouryjj@squidoo.com,1981-09-02,13:16:57
705,minnmanjk,ekelleyjk@hubpages.com,2008-08-13,13:00:45
706,obickerjl,dwinsparejl@pagesperso-orange.fr,1994-04-09,22:18:39
707,risaqjm,crowenjm@yale.edu,2005-07-05,16:48:35
708,steesjn,ewhetherjn@github.com,1981-02-14,8:42:10
709,lbadwickjo,jsimmjo@phpbb.com,1988-03-12,11:14:57
710,ffirmanjp,sbrimsjp@nifty.com,2007-08-22,19:06:16
711,idanesjq,psiviourjq@cnet.com,1992-03-11,12:47:04
712,emussenjr,apessoldjr@topsy.com,2000-02-22,8:07:50
713,dilyukhovjs,rsehorschjs@netscape.com,1986-07-07,15:44:10
714,pfeehelyjt,vheadsjt@weebly.com,2002-06-03,4:53:05
715,kmorewoodju,rdarridonju@psu.edu,2004-08-05,16:52:24
716,mloadmanjv,dneyjv@examiner.com,1995-10-11,5:27:09
717,rbyerjw,bmccombejw@paginegialle.it,1997-02-25,6:29:06
718,jtomanekjx,hdimberlinejx@skyrock.com,1994-02-28,11:15:02
719,fvawtonjy,sdoegjy@ebay.com,1998-09-16,17:56:47
720,ngarredjz,iblundonjz@de.vu,1992-09-29,5:01:26
721,swaightk0,ejigginsk0@de.vu,1989-02-19,14:12:03
722,lfavelk1,rbarterk1@nsw.gov.au,1981-04-09,16:47:26
723,lhurtonk2,rdwinek2@delicious.com,1980-03-09,18:47:26
724,srentilllk3,wpidwellk3@loc.gov,1993-12-21,1:36:54
725,pdurrancek4,smchardyk4@apple.com,1993-09-10,19:25:19
726,rantonyk5,stitherk5@diigo.com,1990-06-09,19:21:09
727,kkelstonk6,llacazek6@addthis.com,2000-07-03,7:59:37
728,llowdeanek7,aericksonk7@360.cn,1990-11-18,2:52:44
729,cellissenk8,fwiddowsk8@vistaprint.com,2008-11-01,19:52:13
730,flancasterk9,dsmaridgek9@ox.ac.uk,2009-02-18,8:43:11
731,wgolderka,rmanserka@auda.org.au,1982-08-06,21:13:31
732,kdockreykb,lhiddersleykb@nyu.edu,1990-02-09,0:27:52
733,rpicoppkc,ahardbattlekc@theglobeandmail.com,1992-12-29,6:25:19
734,dswiftkd,lcobbledkd@usda.gov,2008-01-27,4:16:24
735,lgaydonke,jbloomerke@miitbeian.gov.cn,1996-10-03,1:43:03
736,lsearleskf,pdutteridgekf@apple.com,1983-04-28,18:25:31
737,abenedyktowiczkg,cdederichkg@amazon.de,1991-02-07,15:37:29
738,mredankh,mlebrunkh@guardian.co.uk,1982-11-02,2:43:10
739,skolakki,rkingwellki@discuz.net,1992-09-25,0:14:27
740,ajahnerkj,wgiriardellikj@hud.gov,1983-02-01,4:23:04
741,ecranstonekk,soguzkk@jimdo.com,2005-06-19,23:23:23
742,ehavvockkl,kpiburnkl@rediff.com,1996-04-23,7:40:29
743,sblenkironkm,tlippittkm@slashdot.org,1986-01-14,23:10:45
744,cstaveleykn,mtomlinsonkn@vkontakte.ru,2007-01-31,17:20:43
745,apallantko,arymerko@spiegel.de,2005-01-11,0:03:46
746,tmerwekp,oshovelbottomkp@reference.com,2009-04-06,20:46:38
747,wswangerkq,averricokq@google.com.hk,1987-01-06,23:16:19
748,sbullerkr,calredkr@wired.com,1995-11-20,6:52:17
749,ulamlinks,ghuscroftks@zimbio.com,1993-07-18,14:07:56
750,dfennellkt,igriggkt@quantcast.com,1984-07-25,9:33:21
751,cknibbku,hbenoitku@wikimedia.org,1989-02-13,12:39:22
752,hgianullikv,icordallkv@latimes.com,2000-12-02,15:30:12
753,cpynnerkw,fmacshirriekw@jiathis.com,1987-01-15,8:24:49
754,kdaintykx,tfilipowiczkx@jigsy.com,1996-01-10,21:00:03
755,nbenky,mfardenky@g.co,1990-01-02,3:52:10
756,gjeyeskz,lbeekmankz@mtv.com,1980-07-28,3:10:44
757,vlongstaffl0,rguitell0@nih.gov,1985-09-15,22:13:13
758,ecarvillel1,cdrisselll1@ow.ly,1985-06-03,12:01:36
759,kpazl2,uransoml2@nih.gov,2000-06-18,7:41:38
760,vkeachl3,mbenianl3@youtube.com,2008-06-17,19:27:29
761,asimmgenl4,bwestburyl4@dion.ne.jp,2006-03-30,8:33:42
762,fyukhovl5,rbilbeyl5@people.com.cn,1998-03-06,18:57:06
763,bpiercel6,lgilderoyl6@i2i.jp,2003-10-19,5:29:37
764,tdutteridgel7,ldearanl7@army.mil,1996-10-29,13:41:50
765,qhurlestonel8,dhancel8@foxnews.com,1992-03-06,12:47:29
766,gisenorl9,gbowlingl9@opensource.org,2004-02-07,12:18:27
767,akeppinla,hstephensla@redcross.org,1984-08-31,4:57:09
768,jroddylb,dwestleylb@hud.gov,1999-01-25,19:34:18
769,kgransdenlc,mdaintrylc@1688.com,1983-04-08,8:53:45
770,dbinnsld,nchampkinsld@ifeng.com,1998-05-13,3:10:38
771,jjouanetonle,ecopperle@rediff.com,2002-11-30,3:08:43
772,fprobertlf,svossinglf@auda.org.au,1995-06-29,8:35:03
773,rabramamovhlg,mbradforthlg@latimes.com,2000-07-21,19:18:41
774,apriestnalllh,bflatmanlh@tmall.com,2001-03-23,16:27:20
775,oantoniuttili,rhaggishli@cisco.com,1982-10-31,5:05:34
776,jgillhespylj,ereekielj@netscape.com,1990-06-03,13:01:06
777,opaintainlk,rlathylk@blogs.com,1997-02-21,13:45:22
778,wrycroftll,frylancell@mashable.com,1995-09-20,18:52:07
779,selialm,ganthonalm@ucoz.com,2006-11-24,16:05:29
780,enurdenln,cdemougeotln@csmonitor.com,2007-11-09,0:56:04
781,dedgesonlo,epeddello@acquirethisname.com,2002-02-02,9:23:31
782,cheellp,dgroutlp@nationalgeographic.com,1992-10-31,5:07:00
783,csturelq,nsoutheylq@ebay.co.uk,2009-12-01,19:53:15
784,rmasseilr,wprobbinlr@fotki.com,1991-12-18,6:17:16
785,achillingsworthls,bsalkildls@chron.com,1992-04-30,19:33:34
786,lkinzelt,lchiverslt@walmart.com,1993-09-12,0:10:33
787,jstadinglu,jdrescherlu@paginegialle.it,1989-12-22,9:46:49
788,rzecchilv,bbunsonlv@is.gd,1999-07-01,6:53:37
789,murenlw,pblachfordlw@w3.org,1990-01-23,13:41:03
790,dladdlelx,glydiattlx@usatoday.com,1989-08-03,23:26:43
791,hsaphly,ehowardly@digg.com,1982-05-17,16:59:56
792,hbrumptonlz,cbletsoelz@yellowbook.com,2000-01-13,9:56:11
793,aflamankm0,cbalcockm0@nymag.com,1995-10-27,13:51:06
794,tjannequinm1,tratterm1@cisco.com,2004-10-20,9:56:32
795,eblonfieldm2,dcrawshaym2@yelp.com,2004-08-06,7:22:17
796,hbrabanm3,sstaniforthm3@aol.com,1987-04-24,1:39:27
797,pugom4,bwaldockm4@plala.or.jp,1993-01-23,21:44:25
798,ranscottm5,ecastlakem5@icq.com,1991-01-05,1:31:00
799,miaduccellim6,tacorsm6@usatoday.com,2004-09-18,21:28:49
800,sdignonm7,pambrogiom7@zdnet.com,1998-12-07,6:06:55
801,whackletonm8,htregianm8@indiatimes.com,1998-07-22,16:52:15
802,nbourgourm9,dcawsonm9@naver.com,2005-08-05,20:38:10
803,ljurschma,sstrawbridgema@hibu.com,2002-12-31,12:34:15
804,glahivemb,cshipseymb@rakuten.co.jp,1994-01-30,21:12:28
805,amcterrymc,sgippesmc@mac.com,2002-04-10,20:25:39
806,amarshmanmd,creynoolldsmd@constantcontact.com,2002-12-22,17:15:17
807,ddulsonme,jmellonbyme@mashable.com,1992-09-05,6:54:04
808,iesherwoodmf,hdonohermf@wikimedia.org,1983-05-31,10:23:20
809,nchapemg,wwellsmanmg@topsy.com,2004-04-26,15:06:39
810,ibalselliemh,dcullneanmh@google.ca,1988-08-23,16:25:09
811,afirsbymi,zabbittmi@microsoft.com,2008-12-24,22:51:41
812,tumanmj,bwhittermj@apache.org,1998-11-12,16:51:49
813,kcodmk,bharmstonemk@nhs.uk,2003-04-25,2:33:53
814,mcaughtml,gmacknockerml@csmonitor.com,1980-11-18,20:24:06
815,pbiagionimm,hwetherbymm@soundcloud.com,1982-10-05,16:10:23
816,ndampermn,fjurischmn@nationalgeographic.com,1991-08-31,9:54:59
817,vlockleymo,tcaneromo@miibeian.gov.cn,1980-06-03,18:03:29
818,tgodneymp,rdelabarremp@example.com,1991-08-06,20:51:58
819,keasthammq,bpancostmq@technorati.com,1998-09-03,4:08:24
820,scolleltonmr,chargeriemr@arstechnica.com,2002-09-13,10:35:57
821,mbevingtonms,mcansdillms@wiley.com,1984-09-12,5:15:03
822,iphillpmt,kparrissmt@sfgate.com,1982-04-26,2:48:35
823,lhenckemu,dcoatmu@so-net.ne.jp,1985-03-09,11:08:24
824,thuggonsmv,mheningammv@ted.com,1988-09-02,7:27:13
825,hgisckenmw,msynkemw@instagram.com,2006-05-06,1:54:12
826,hsavinmx,wborleymx@java.com,2005-07-01,19:12:19
827,cpenticootmy,rchevinsmy@feedburner.com,1990-08-27,23:14:38
828,mbeamissmz,dmcilraithmz@etsy.com,2000-04-17,14:28:05
829,jhoveen0,emeakesn0@buzzfeed.com,2007-04-21,4:01:42
830,eedisonn1,ghansanan1@chicagotribune.com,1996-08-18,8:41:38
831,ghaburnen2,apfeffeln2@baidu.com,1987-04-23,11:50:05
832,lallinn3,icawsyn3@oakley.com,1989-10-14,6:04:01
833,cbruggenn4,kcouzensn4@java.com,1998-08-27,11:17:27
834,geliezn5,dbacksn5@wisc.edu,1996-01-28,14:35:28
835,dhuyhtonn6,dsoppettn6@blogger.com,1985-05-12,12:37:00
836,mvenesn7,irollingn7@last.fm,2001-09-20,10:44:14
837,schecchetellin8,rcrevaghn8@icq.com,1996-05-05,5:59:26
838,mhousleyn9,lrollittn9@patch.com,1987-02-22,6:49:03
839,nconlonna,glittletonna@soundcloud.com,2005-04-15,7:18:57
840,vpetrozzinb,tmackeevernb@tinypic.com,2001-12-29,2:35:11
841,bpreblenc,swalkernc@people.com.cn,1999-09-06,22:21:42
842,crizziellond,psheddennd@zimbio.com,1991-02-17,0:58:52
843,lcroxleyne,hgeraudyne@ovh.net,2007-11-04,0:10:53
844,ulocalnf,aaiskriggnf@angelfire.com,1997-08-08,14:32:35
845,radamsonng,cvanderveldtng@taobao.com,2000-07-14,22:26:36
846,mglentonnh,rghelarduccinh@usgs.gov,1985-09-02,23:18:05
847,gfishpooleni,ghugoni@gmpg.org,1994-06-17,17:42:10
848,dalansnj,gandreianj@meetup.com,2003-03-24,0:31:05
849,efaltskognk,cforseithnk@google.com,2000-01-12,16:50:10
850,rharmsnl,fkerridgenl@artisteer.com,1988-01-03,2:10:17
851,nokellnm,meallesnm@thetimes.co.uk,1980-03-26,4:34:20
852,apinshonnn,cbuddocknn@php.net,1997-01-22,20:36:21
853,civelno,dbrunnerno@free.fr,1981-09-22,5:07:43
854,srichtnp,mnutbeemnp@java.com,2007-03-05,10:06:21
855,rhawsbynq,pmackiewicznq@mapquest.com,1990-07-27,16:58:17
856,pdemarchinr,choulstonnr@illinois.edu,1996-01-30,12:48:01
857,ydegogayns,ddoorlyns@comcast.net,1983-03-26,14:45:39
858,fklaaassennt,tromainent@cnn.com,1983-02-13,21:53:18
859,apauluccinu,ncamponu@hc360.com,2005-02-02,10:15:00
860,dlambenv,krispennv@g.co,2008-12-16,22:58:30
861,dskymenw,swildingnw@tuttocitta.it,1984-04-15,5:48:07
862,bcawsonnx,ntunnonx@nydailynews.com,1994-01-19,22:31:36
863,dloadmanny,akerridgeny@nyu.edu,2006-01-19,18:00:46
864,zslatenz,keckersleynz@weather.com,2006-08-27,10:48:41
865,shallagano0,feyreo0@cafepress.com,1984-09-09,3:21:57
866,jhinnerso1,mfilippovo1@wp.com,1988-01-08,15:56:42
867,rbeao2,astainso2@patch.com,2007-04-29,19:47:13
868,gkingzeto3,kquano3@chronoengine.com,2000-09-08,5:40:09
869,gcuerdallo4,ldibbeo4@tumblr.com,1986-05-21,1:19:07
870,eanderbruggeo5,glespero5@quantcast.com,1993-12-01,18:10:15
871,gfitzackerleyo6,ecasewello6@privacy.gov.au,1987-12-20,23:37:03
872,vcolacoo7,ascutchingso7@va.gov,1990-10-20,18:45:02
873,fdawleyo8,bedlyneo8@alibaba.com,1990-10-18,13:52:35
874,sfairno9,pvialso9@exblog.jp,1985-05-24,3:42:02
875,wlightwingoa,dbrumbleoa@hibu.com,1994-11-22,12:57:41
876,bgosslingob,gbrotherickob@joomla.org,2001-04-13,4:59:59
877,fsampeyoc,cdonaldsonoc@theatlantic.com,1984-01-07,22:06:17
878,cengelod,hrodenborchod@acquirethisname.com,1992-05-03,9:37:51
879,cpanswickoe,jtarteoe@shop-pro.jp,2005-01-24,6:57:13
880,tmaciejewskiof,bshadfourthof@nationalgeographic.com,1998-09-04,16:47:45
881,dcornhillog,jstickneyog@friendfeed.com,1980-02-07,3:21:56
882,kevequeoh,sandersoh@msn.com,1999-12-23,4:40:52
883,tluckeyoi,hiannazzioi@multiply.com,1991-09-17,14:53:13
884,acaunceoj,crochfordoj@jalbum.net,1985-08-04,0:20:32
885,cgolbyok,eengelbrechtok@uiuc.edu,1992-03-18,6:26:26
886,idumbareol,rmcclellandol@google.fr,1985-04-24,19:58:26
887,hbutterwickom,tlissandriom@aboutads.info,1980-01-08,4:14:18
888,zbroadison,gblasettion@google.de,1983-10-07,14:36:10
889,ckinnearoo,dbertieoo@vistaprint.com,1988-09-11,14:07:36
890,ccutmereop,ltroodop@fc2.com,2007-08-19,20:41:27
891,dbrodleyoq,jboschmannoq@behance.net,2009-12-23,7:15:22
892,zloftinor,ccumptonor@illinois.edu,1985-09-04,5:10:26
893,kleworthyos,wllewhellinos@unesco.org,1986-11-23,9:17:21
894,fbyrnesot,wguillainot@freewebs.com,1990-04-21,15:45:16
895,ecomelliou,hphillipou@taobao.com,1984-06-22,1:04:40
896,lpesicov,skerkhamov@scientificamerican.com,1981-07-14,17:24:13
897,marnattow,bkempsterow@fda.gov,2002-08-12,4:18:13
898,rdetocox,nnielsonox@tiny.cc,1988-03-16,20:33:35
899,bstavesoy,hegletonoy@example.com,1988-05-03,0:45:12
900,afinlayoz,gdurtnaloz@altervista.org,2006-10-12,20:04:25
901,nfritzp0,gchanningp0@studiopress.com,1991-08-01,6:21:38
902,lrickertsenp1,mburdettp1@hugedomains.com,2003-01-11,6:53:51
903,wcorssp2,cmantrupp2@booking.com,1981-02-18,6:41:03
904,gbethellp3,pmccullenp3@google.co.jp,1992-09-29,8:34:17
905,mbooijp4,mbedinhamp4@github.io,2008-06-22,10:09:07
906,bfickp5,gpelosip5@samsung.com,1995-08-27,9:02:56
907,harmfieldp6,psandsp6@twitter.com,1994-10-20,9:12:44
908,sdickenp7,cgravettp7@feedburner.com,2003-06-09,20:04:41
909,ievesp8,tsympsonp8@army.mil,1980-05-29,9:46:52
910,rdudeniep9,fdarcyp9@hao123.com,1992-07-18,17:03:53
911,jpostianspa,kpeiserpa@virginia.edu,2005-01-29,13:49:00
912,amilapb,rkettelpb@tinypic.com,1988-07-11,15:23:00
913,fwittspc,lwallickerpc@fema.gov,1981-07-09,5:26:56
914,csanthousepd,fongepd@apple.com,2009-06-06,15:29:05
915,gbisterfeldpe,ahouseleepe@nature.com,2007-05-08,0:49:01
916,theatonpf,hritchingspf@last.fm,1992-10-31,5:13:46
917,echasteaupg,scodpg@hc360.com,1981-10-28,6:54:05
918,eszymczykph,fyarrellph@bizjournals.com,1982-05-19,2:49:23
919,bpenhaleurackpi,amcgibbonpi@fc2.com,1994-02-18,14:43:10
920,mburchettpj,ykeeppj@unc.edu,2005-11-19,6:30:10
921,ppicpk,aelldredpk@people.com.cn,2002-08-29,19:18:33
922,kdavissonpl,edingatepl@360.cn,2005-08-21,7:23:41
923,ceverwinpm,jsandyfordpm@vk.com,1996-06-30,8:40:15
924,mcalderwoodpn,dsavillpn@tiny.cc,1996-12-10,11:04:42
925,vcardowpo,vroughanpo@etsy.com,1982-03-26,0:36:34
926,jhutablepp,espottiswoodpp@economist.com,2009-04-14,21:53:07
927,smeardonpq,tmaginnpq@desdev.cn,2008-01-02,19:00:45
928,bmerchantpr,cwikeypr@privacy.gov.au,2008-04-07,3:56:26
929,eshillingfordps,rswyndleyps@princeton.edu,2008-04-10,23:34:00
930,cmeakept,zholdworthpt@i2i.jp,2002-05-28,10:11:07
931,byepiskovpu,pleaspu@uol.com.br,1993-07-29,12:36:17
932,cmenilovepv,wslobompv@wikipedia.org,2007-03-14,13:01:00
933,cbaggettpw,rhollebonpw@hud.gov,2000-04-18,17:52:28
934,pdomneypx,edomneypx@usatoday.com,1984-05-23,23:40:09
935,ilangcasterpy,cduckettpy@paypal.com,1990-02-22,17:54:02
936,tgreenroddpz,bkleuerpz@live.com,2001-01-09,18:26:08
937,amitkcovq0,neatttokq0@tuttocitta.it,1981-03-11,11:12:31
938,bhinckleyq1,glongstreethq1@example.com,2002-07-06,8:13:08
939,sadneq2,wbrusleq2@home.pl,2007-11-30,18:00:11
940,acrankeq3,wmarcumq3@soundcloud.com,1986-10-18,13:17:48
941,gcampbellq4,kladonq4@nationalgeographic.com,2005-06-24,21:55:58
942,tswafieldq5,hzarfaiq5@sfgate.com,1997-11-05,10:45:21
943,ejosskowitzq6,bgwinnellq6@twitpic.com,2000-08-23,3:25:51
944,rforbearq7,cscotsonq7@parallels.com,1999-07-16,6:49:25
945,adesaveryq8,sleaq8@bloglines.com,1990-05-05,2:21:49
946,leselq9,qrolphq9@yelp.com,1983-07-14,13:41:54
947,rsyplusqa,ananoqa@cafepress.com,1986-05-17,1:04:55
948,tcokerqb,vlambalqb@bbc.co.uk,2007-09-27,9:09:20
949,tfiggerqc,ssuddickqc@cam.ac.uk,1988-09-03,15:59:56
950,mbricknerqd,imuslaqd@illinois.edu,1990-09-03,7:15:00
951,alyonsqe,hburgissqe@springer.com,1985-06-16,8:34:44
952,mriteleyqf,wplatfootqf@xing.com,1985-06-16,8:31:16
953,mkovelmannqg,sgiordanoqg@cnet.com,2008-09-30,23:34:54
954,ebroadbridgeqh,hducroeqh@google.pl,1982-05-26,22:06:03
955,jpetrielloqi,rgonthierqi@tripod.com,1981-11-15,3:29:08
956,kepinayqj,vrampageqj@gnu.org,1995-07-07,5:19:20
957,taslumqk,gbellwoodqk@epa.gov,1995-03-25,21:31:12
958,cmettsql,ahanrottql@google.es,2003-02-21,9:41:36
959,ceslemontqm,bspradeqm@auda.org.au,1987-10-14,3:36:27
960,jrenshawqn,odelayglesiaqn@flickr.com,1986-01-15,1:47:51
961,rdumpletonqo,ksurridgeqo@accuweather.com,1999-04-23,2:48:35
962,msellandqp,lcopelandqp@etsy.com,1983-10-24,5:09:30
963,gkitleyqq,lmalimqq@blogspot.com,1999-08-31,13:51:22
964,fpemberyqr,cdunseithqr@cyberchimps.com,1999-01-28,13:28:29
965,afacchiniqs,jcupittqs@state.tx.us,2007-01-02,21:09:32
966,etriggolqt,slandsmanqt@skype.com,1999-02-02,3:52:58
967,rdalequ,lsawterqu@t-online.de,2006-02-08,22:54:08
968,pmccrackenqv,jstandbrookqv@statcounter.com,1999-10-14,21:26:11
969,lsainsburyqw,rsmithsonqw@salon.com,1997-03-07,8:56:26
970,bstraffordqx,mdolligonqx@clickbank.net,1983-01-18,0:45:54
971,klysaghtqy,vbirkenshawqy@washington.edu,1985-01-19,9:42:22
972,cdeesonqz,bgrishakinqz@cnet.com,1983-08-03,9:09:06
973,jsulleyr0,wlordr0@goo.ne.jp,1980-11-25,20:14:11
974,llagor1,hstofferr1@msu.edu,2006-09-18,16:18:22
975,kbodmanr2,ejoblingr2@over-blog.com,2006-08-06,20:32:20
976,oberthouloumer3,ptroyr3@slate.com,1990-05-06,3:00:15
977,jslimmer4,scliffr4@dmoz.org,1980-07-19,14:32:33
978,rganterr5,nkabischr5@addtoany.com,2000-11-27,0:10:20
979,jfusterr6,pcarthyr6@fda.gov,2000-07-14,19:28:55
980,abrisser7,lpasseyr7@kickstarter.com,1997-11-19,19:33:54
981,mspauler8,florrimerr8@discovery.com,2005-12-08,14:35:36
982,rroggeroner9,ctatchellr9@wikimedia.org,2004-12-22,14:50:24
983,rmowattra,uwellsteadra@cocolog-nifty.com,2001-08-28,7:55:44
984,aalbionrb,phedlestonerb@adobe.com,1996-04-18,15:17:36
985,kgillingrc,rdezamudiorc@ucoz.com,2005-11-27,20:55:30
986,abailyrd,mhickenbottomrd@google.co.uk,1985-03-23,20:37:05
987,tassiterre,gcaheyre@chicagotribune.com,1981-03-28,2:05:30
988,cwhistancerf,ahindmorerf@imgur.com,2004-03-25,10:00:32
989,sleheuderg,broneyrg@oakley.com,2005-11-15,1:28:48
990,spfaffrh,rnavanrh@e-recht24.de,1990-06-16,8:47:16
991,lmatysiakri,mrickabyri@dell.com,2004-01-22,11:08:10
992,hionnisianrj,cpalmerrj@squarespace.com,1982-07-28,5:07:54
993,vragbournerk,lhavertyrk@flickr.com,1983-11-28,13:36:56
994,btchirrl,bfoordrl@issuu.com,1999-03-15,19:05:49
995,nkinzelrm,jwaddierm@dailymotion.com,1988-09-18,8:52:56
996,aochterlonyrn,dpotierrn@prlog.org,1990-07-10,7:07:16
997,rkinastanro,amoriganro@fda.gov,1986-06-15,16:11:03
998,chubberrp,dgrasserrp@blinklist.com,2004-03-01,9:42:20
999,wmillsrq,abrufordrq@mit.edu,1987-07-16,10:09:03
1000,rknappittrr,lcheyneyrr@epa.gov,1988-02-09,15:48:10
